global_id,borehole_id,Sr,gamma_t,e,LL,PL,w,su,E50,Pc,Cc,Cv,PI,e_squared,moisture_void_ratio,x,y,z_depth,elevation
12873,628,99.50000002,14.07735002,2.957499981,86.59999847,36.40000153,107.3499985,3.113611222,1613.193909,13.72931004,0.959999979,157,50.19999694,8.746806138,317.4876185,169.19922,279.2461,5.9,-2.72
12880,628,101.75,17.05959022,1.351499975,47,27.60000038,50.64999962,38.00076676,3108.707886,117.6798019,0.356000006,1310,19.39999962,1.826552182,68.45347322,169.19922,279.2461,11.6,-8.42
12882,628,100.9500008,17.65309547,1.157000006,46.5,28.10000038,43.05000115,39.47176552,4383.57251,85.31785583,0.465000004,1040,18.39999962,1.338649014,49.80885159,169.19922,279.2461,12.9,-9.719999
12883,628,98.33333588,17.12826011,1.278999964,64.19999695,32.29999924,46.19999949,40.69759496,2840.659587,125.525116,0.504999995,405,31.89999771,1.635840908,59.08979768,169.19922,279.2461,14.4,-11.219999
12884,628,99.70000078,16.23554972,1.628500045,65.59999847,32.5,59.5,33.71035767,2010.363221,122.5831223,0.574000001,561,33.09999847,2.652012397,96.89575268,169.19922,279.2461,15.9,-12.719999
12885,628,101.0499993,16.12763994,1.703499973,69.80000305,33.40000153,63.14999962,36.94655419,2113.333008,93.16316986,0.660000026,366,36.40000152,2.901912158,107.5760226,169.19922,279.2461,17.4,-14.219999
12886,628,100.8666687,16.92552,1.413666646,68.30000305,30.39999962,52.06666692,42.82237116,4596.049967,156.9064026,0.722000003,582,37.90000343,1.998453386,73.60491039,169.19922,279.2461,18.8,-15.619999
12887,628,99.20000203,15.19242009,2.105666637,103.5999985,38.90000153,76.80000051,55.79983648,4501.252278,128.4671021,1.220000029,418,64.69999697,4.433831986,161.7151988,169.19922,279.2461,20.2,-17.02
12888,628,99.45000077,15.11230544,2.128999949,96,39.20000076,78.25,64.18452455,7551.120361,130.4284515,0.939999998,424,56.79999924,4.532640783,166.594246,169.19922,279.2461,21.9,-18.72
12897,628,98.09999848,15.23002509,1.992999971,73.40000153,37.5,72.70000076,86.78884888,10713.76465,304.006134,0.711000025,393,35.90000153,3.972048884,144.8910994,169.19922,279.2461,35.5,-32.32
12899,628,94.63333384,16.76856007,1.33799998,49.59999847,27.79999924,46.36666616,71.58854167,5367.506348,382.4593506,0.485000014,1150,21.79999923,1.790243946,62.03859839,169.19922,279.2461,36.9,-33.72
12901,628,97.30000051,16.10475024,1.639000019,76,35.20000076,58.26666768,81.55863698,5910.140951,224.5722809,0.712000012,488,40.79999924,2.686321062,95.49906943,169.19922,279.2461,39.7,-36.52
12902,628,97,16.2208352,1.562000036,66.59999847,32.20000076,55.69999886,78.94353105,4373.765869,264.779541,0.469000012,1180,34.39999771,2.439844112,87.00340022,169.19922,279.2461,41.2,-38.02
12903,628,97.20000076,16.34836473,1.523499966,72.19999695,31.39999962,54.39999962,84.3371849,6727.361572,184.3650208,0.720000029,484,40.79999733,2.321052146,82.87839757,169.19922,279.2461,42.7,-39.52
12904,628,98.73333486,16.12109983,1.624333342,84.40000153,33.70000076,59.16666666,91.36528523,10447.35091,245.1662445,0.713999987,292,50.70000077,2.638458806,96.10638939,169.19922,279.2461,44.2,-41.02
12905,628,97.59999847,15.96414029,1.683000008,75.5,35.20000076,60.36666616,91.69217682,5916.678711,284.3928528,0.624000013,636,40.29999924,2.832489027,101.5970996,169.19922,279.2461,45.7,-42.52
12906,628,99.23333232,16.27478999,1.532000025,72.59999847,32.70000076,56.73333359,113.1033579,10355.82227,343.2327271,0.689999998,286,39.89999771,2.347024077,86.91546848,169.19922,279.2461,47.1,-43.92
12907,628,96.19999695,15.98049008,1.572499991,72.90000153,33,56.45000076,106.1569901,4412.992432,304.006134,0.620000005,438,39.90000153,2.472756222,88.76762569,169.19922,279.2461,48.4,-45.22
13191,636,101,16.32384034,1.574500025,120.5,45.20000076,59,22.11399555,1412.157593,60.80122757,0.970000029,120,75.29999924,2.479050329,92.89550148,18.047852,156.0664,8.6,-2.8800006
13192,636,105.75,16.9565845,1.388000012,72.80000305,31.20000076,55.14999962,20.34879875,1039.504944,56.87856674,0.479999989,747,41.60000229,1.926544033,76.54820013,18.047852,156.0664,10.1,-4.3800006
13193,636,102.7999993,15.1613548,2.135500074,98.59999847,37,82.79999924,27.409585,3398.004273,67.66588593,0.899999976,95.69999695,61.59999847,4.560360566,176.8194045,18.047852,156.0664,11.6,-5.8800006
13194,636,100.3999977,15.22511986,1.998000026,42.59999847,31.39999962,75.85000229,29.10123253,1794.616943,245.1662445,0.340000004,1410,11.19999885,3.992004104,151.5483065,18.047852,156.0664,13.1,-7.3800006
13195,636,101.7999992,17.51084967,1.163999974,44,26.39999962,44.25,42.87957573,3898.143311,132.3897705,0.370000005,1490,17.60000038,1.354895939,51.50699885,18.047852,156.0664,14.6,-8.880001
13201,636,98.46666462,17.44871989,1.113666654,59.09999847,32.20000076,41.33333334,38.7689565,2994.297078,137.2930908,0.460000008,413,26.89999771,1.240253416,46.03155504,18.047852,156.0664,20.2,-14.480001
13202,636,100.5999985,15.17116469,2.055999994,92.19999695,38.20000076,77.79999924,44.12992478,4614.028565,105.9118195,0.910000026,134,53.99999619,4.227135975,159.956798,18.047852,156.0664,21.7,-15.980001
13203,636,100.6000023,15.30360002,1.93599999,94.80000305,40.40000153,73.94999695,58.10440063,7261.823975,134.3511047,1.049999952,118,54.40000152,3.748095961,143.1671934,18.047852,156.0664,23.2,-17.480001
13204,636,100.7666651,15.11393993,2.063999971,97.80000305,39.79999924,78.76666514,55.0806834,5942.82959,145.1384125,1.149999976,166,58.00000381,4.26009588,162.5743946,18.047852,156.0664,24.7,-18.980001
13214,636,91.5,17.35388994,1.116499961,51.70000076,27.60000038,37.64999962,61.78189278,5785.92334,215.7463074,0.400000006,1230,24.10000038,1.246572163,42.03622311,18.047852,156.0664,38.2,-32.48
13217,636,98.39999898,16.12109983,1.616666675,66.40000153,29.39999962,58.69999949,52.46557746,5122.340169,194.1716614,0.689999998,354,37.00000191,2.613611138,94.898333,18.047852,156.0664,40.9,-35.18
13218,636,98.30000305,16.48080007,1.478999973,73,30.79999924,53.64999962,84.33719255,7497.183838,264.779541,0.625999987,487,42.20000076,2.18744092,79.34834799,18.047852,156.0664,42.5,-36.78
15080,681,98.27499962,13.37348237,3.414499998,121.0999985,55.70000076,126.6000004,4.388475835,473.1708603,15.6906395,1.139999986,58.79999924,65.39999774,11.65881024,432.2757011,219.49365,125.15625,7.8,-2.3300004
15082,681,98.22500038,14.16318744,2.649749994,86.40000153,41.59999847,97.97499849,3.32200259,321.167778,16.6713047,0.779999971,110,44.80000306,7.021175031,259.6092517,219.49365,125.15625,10.8,-5.3300004
15084,681,99.8750019,14.24657224,2.650249958,103.4000015,46.59999847,99.6499996,6.288514256,728.1437454,18.63263512,0.980000019,65.69999695,56.80000303,7.02382484,264.0974073,219.49365,125.15625,13.8,-8.33
15086,681,100.5250015,15.33793487,1.989500016,71.59999847,35.70000076,74.77499962,12.92026091,1571.515595,33.34260941,0.870000005,95.69999695,35.89999771,3.958110314,148.7648629,219.49365,125.15625,16.8,-11.33
15090,681,99.39999964,15.15154493,2.106999964,82.69999695,40.59999847,78.67499924,33.5510006,2971.414917,103.9504852,0.5,334,42.09999848,4.439448848,165.7682206,219.49365,125.15625,19.8,-14.33
15092,681,99.49999998,15.34038778,1.95175004,87.09999847,39.59999847,72.72500229,46.81449318,7661.445191,139.254425,1.129999995,137,47.5,3.809328219,141.9410261,219.49365,125.15625,22.8,-17.33
15105,681,98.77499962,16.75057511,1.371749997,52.90000153,27.70000076,50.30000115,65.65552045,15403.79541,233.3982697,0.419999987,1460,25.20000077,1.881698054,68.99902643,219.49365,125.15625,40.8,-35.329998
15108,681,99.27500153,16.29931507,1.568499983,65,33.79999924,57.44999981,80.68420984,18926.83398,250.0695648,0.709999979,291,31.20000076,2.460192197,90.11032373,219.49365,125.15625,43.8,-38.329998
18973,895,99.375,13.92284261,2.81949997,124.1999969,54.79999924,107.0249996,13.07961893,784.5319977,40.20726395,1.133000016,57,69.39999766,7.949580081,301.7569832,269.91406,248.38672,5.2,-2.2599998
18975,895,99.14999771,15.2864326,1.948499978,94.69999695,46.09999847,72.54999924,36.83622837,3648.073609,128.4671021,0.864000022,98,48.59999848,3.796652164,141.3636719,269.91406,248.38672,8.1,-5.1600003
18977,895,99.64999962,15.00439507,2.134499967,97.90000153,48.70000076,79.75,36.68912888,4334.539185,122.5831223,0.884000003,128,49.20000077,4.556090109,170.2263724,269.91406,248.38672,11.1,-8.16
18979,895,99.80000115,15.88238988,1.695499987,78.5,44.5,63.34999943,33.88197422,3081.739685,135.3317719,0.61500001,261,34,2.874720206,107.4099232,269.91406,248.38672,14.1,-11.16
18981,895,99.40000153,16.83886485,1.343499989,44.79999924,27.5,49.72499943,15.45773149,1206.217896,121.6024551,0.409000009,620,17.29999924,1.80499222,66.80553619,269.91406,248.38672,17.1,-14.16
18992,895,99.15000153,15.93389245,1.607249976,75.19999695,39.20000076,60.34999943,86.23722649,10238.14234,264.779541,0.721000016,330,35.99999619,2.583252485,96.99753514,269.91406,248.38672,37.9,-34.960003
19533,906,97.02499962,16.74812249,1.386750013,77.40000153,35.09999847,49.375,48.91066646,3160.192933,215.7463074,0.730000019,204,42.30000306,1.923075599,68.47078189,144.01758,279.2578,14.6,-4.55
19540,906,99.17499924,16.81924481,1.390749991,70.69999695,32.20000076,50.94999886,70.36271286,4658.158692,264.779541,0.552999973,189,38.49999619,1.934185537,70.85871046,144.01758,279.2578,25.7,-15.650001
19542,906,99.02499962,15.47282283,1.932999999,92,40.20000076,71.02500153,53.07849218,5974.701416,205.9396362,0.75999999,108,51.79999924,3.736488996,137.2913279,144.01758,279.2578,28.9,-18.849998
19701,909,99.95000076,16.63530777,1.479750008,53.79999924,25,54.625,43.14925957,3398.004059,225.5529327,0.38499999,780,28.79999924,2.189660086,80.83134419,169.18506,248.4336,15.4,-5.8499994
19704,909,99.32500076,15.86277013,1.695500016,86.90000153,38.90000153,62.92500019,36.89752007,990.4716034,156.9064026,0.416000009,332,48,2.874720304,106.6893388,169.18506,248.4336,18.1,-8.55
19706,909,100,16.96884757,1.397500009,75,33.90000153,53.79999924,42.65892744,2770.378601,196.1329956,0.407000005,520,41.09999847,1.953006275,75.18549942,169.18506,248.4336,21.3,-11.749999
19708,909,97.22500038,18.25150478,0.969000012,64.80000305,30.10000038,34.625,17.95842719,1581.322296,182.4036865,0.572000027,259,34.70000267,0.938961023,33.55162542,169.18506,248.4336,24.3,-14.749999
19710,909,99.70000077,15.43603536,1.951749981,101.5999985,44.90000153,72.60000038,61.90447521,4861.646667,146.1190796,0.829999983,175,56.69999697,3.809327988,141.6970494,169.18506,248.4336,27.3,-17.75
19865,912,98.59999848,14.82536239,2.298000008,88.5,41.59999847,83.82500076,32.3619442,3741.236878,86.29851532,0.930000007,133,46.90000153,5.280804037,192.6298524,169.14258,155.99219,12.6,-4.05
19868,912,99.27499962,15.98294269,1.713750035,100,47.40000153,62.74999905,34.93618918,3035.158051,104.93116,0.893000007,93.90000153,52.59999847,2.936939182,107.5378131,169.14258,155.99219,15.6,-7.05
19871,912,99.625,16.00010983,1.70025003,82.5,38.79999924,62.625,39.83951569,3483.812378,127.4864426,0.660000026,188,43.70000076,2.890850165,106.4781581,169.14258,155.99219,18.6,-10.05
19874,912,98.55000115,15.65676015,1.826000005,88.19999695,40.40000153,66.42500115,50.1364975,5391.205567,134.3511047,0.949999988,151,47.79999542,3.334276018,121.2920524,169.14258,155.99219,24.6,-16.05
20084,917,99,14.76159734,2.201499999,92.90000153,39.70000076,83.02499962,17.66422773,1723.518616,58.83990097,0.657999992,127,53.20000077,4.846602246,182.7795366,294.9995,32.683594,12.6,-2.33
20091,917,98.625,16.92224994,1.284750015,62.79999924,27.89999962,47.37500096,70.69368554,6965.173096,275.566864,0.49000001,250,34.89999962,1.650582601,60.86503319,294.9995,32.683594,25.4,-15.129999
20092,917,96.90000153,17.25579003,1.193500012,52,26.60000038,42.74999905,75.58475493,8877.469727,304.9867859,0.453000009,310,25.39999962,1.424442279,51.02212438,294.9995,32.683594,26.9,-16.63
12890,628,99.54999924,14.79838539,2.350499988,102.3000031,41.29999924,86.20000076,69.08784485,7722.736572,139.254425,0.959999979,504,61.00000386,5.524850194,202.6131008,169.19922,279.2461,24.9,-21.72
12891,628,100.0500031,14.69047502,2.407999992,114.6999969,45.40000153,84.95000076,75.51120378,7958.096436,183.3843536,1.055999994,895,69.29999537,5.798463961,204.5596012,169.19922,279.2461,26.5,-23.32
12896,628,98.53333283,14.50244981,2.413000027,98.40000153,42,89.06666819,56.55168026,5576.714762,210.8429871,1.092000008,444,56.40000153,5.82256913,214.9178727,169.19922,279.2461,33.9,-30.720001
13206,636,99.43333435,14.55477031,2.446333329,114,45.09999847,89.06666565,63.41633605,4252.81722,176.5196838,1.220000029,152,68.90000153,5.984546757,217.8867527,18.047852,156.0664,27.7,-21.980001
13207,636,99.63333128,14.63651984,2.366666714,110.5,44.90000153,88.5,74.53053792,7394.213867,181.4230194,1.159999967,912,65.59999847,5.601111335,209.4500042,18.047852,156.0664,29.2,-23.480001
13208,636,98.59999847,14.40107995,2.496000052,124.5999985,49.09999847,92.04999924,74.53053665,8154.229492,142.1964264,1.210000038,142,75.50000003,6.23001626,229.7568029,18.047852,156.0664,30.7,-24.980001
13211,636,98.70000077,14.86705509,2.225499988,106.5999985,44.59999847,81.65000153,75.0208702,7796.286377,215.7463074,1.309999943,204,62.00000003,4.952850197,181.7120774,18.047852,156.0664,35.2,-29.480001
13212,636,98.25,14.76404995,2.274500013,95,40.09999847,83.09999848,77.96286773,7874.739746,220.6496277,1.190000057,234,54.90000153,5.173350309,189.0109476,18.047852,156.0664,36.7,-30.980001
15094,681,100.6000004,14.86460248,2.254000008,102.1999969,44.59999847,85.19999886,52.82106782,10637.76343,146.1190796,1.340000033,168,57.59999843,5.080516036,192.0407981,219.49365,125.15625,25.8,-20.33
15098,681,99.09999848,14.4354148,2.465250015,114.8000031,53.29999924,92.02500153,68.84268284,11799.85108,182.4036865,1.289999962,190,61.50000386,6.077457636,226.8646364,219.49365,125.15625,31.8,-26.33
15102,681,99.22500229,14.60463761,2.394749999,112.3000031,52.29999924,88.72500038,86.96046829,11481.13526,217.7076263,1.25999999,163,60.00000386,5.734827558,212.4741946,219.49365,125.15625,37.8,-32.329998
18989,895,99.75,14.51634757,2.360499978,95.5,49.20000076,89.97499848,80.35323715,7658.993531,213.7849731,1.292000055,173,46.29999924,5.571960146,212.3859819,269.91406,248.38672,29.1,-26.16
18990,895,99.79999924,14.57275508,2.307999969,105.8000031,47.5,88.25,85.19527055,8080.679688,228.4949341,1.269000053,145,58.3000031,5.326863857,203.6809973,269.91406,248.38672,32.2,-29.26
19543,906,99.42500115,14.67085498,2.407249987,100.8000031,45.70000076,89.50000191,50.74941064,5729.535034,186.3263397,1.235000014,172,55.10000234,5.7948525,215.4488784,144.01758,279.2578,32,-21.95
19546,906,98.10000039,14.54577778,2.404250026,108.6999969,48.20000076,87.79999924,74.28537179,7629.573486,202.9976501,1.36500001,118,60.49999614,5.780418188,211.0931505,144.01758,279.2578,35,-24.95
19711,909,99.72500038,15.20795244,2.084999979,96.30000305,43,77.17500115,58.96248151,5396.108887,184.3650208,1.075000048,133,53.30000305,4.347224912,160.9098758,169.18506,248.4336,29.4,-19.849998
19714,909,98.02499962,14.41824737,2.534000039,107.3000031,48.59999847,91.69999886,63.74322415,6342.450806,224.5722809,1.304999948,127,58.70000463,6.421156198,232.3678007,169.18506,248.4336,35.4,-25.850002
19715,909,98.14999962,14.45994007,2.55249995,119,48.20000076,91.77499962,79.31128311,6673.425415,232.4175873,1.309999943,185,70.79999924,6.515255995,234.2556819,169.18506,248.4336,38.4,-28.850002
19716,909,98.87499809,14.74933485,2.346749961,99,43.40000153,85.59999847,83.23394204,7234.855835,250.0695648,1.24000001,320,55.59999847,5.507235379,200.8817931,169.18506,248.4336,41.3,-31.75
19875,912,99.25000191,14.85233999,2.256750047,102,47.20000076,83.25,46.33641911,4957.261414,151.0223999,1.149999976,117,54.79999924,5.092920775,187.8744414,169.14258,155.99219,27.3,-18.75
19877,912,99.22500038,14.57766001,2.460750044,106,45.40000153,90.39999962,62.27222444,5325.011047,141.2157593,1.470000029,113,60.59999847,6.055290779,222.451803,169.14258,155.99219,33.3,-24.75
19879,912,99.02499962,14.3397678,2.599750042,106,46.70000076,95.82499886,72.44662476,8875.018311,160.8290558,1.289999962,165,59.29999924,6.758700281,249.1210448,169.14258,155.99219,36.3,-27.75
19881,912,98.77500153,15.06080258,2.136999965,86.80000305,37.20000076,78.10000038,89.11793136,8600.431763,233.3982697,0.899999976,163,49.60000229,4.56676885,166.8996981,169.14258,155.99219,42.3,-33.75
20097,917,98.82500076,14.72235755,2.263000012,98.80000305,40.59999847,84.14999962,64.18452073,6933.30127,178.4810333,1.049000025,153,58.20000458,5.121169054,190.4314501,294.9995,32.683594,33.3,-23.029999
20098,917,99.14999962,14.46239268,2.313499987,112.9000015,39.29999924,88.57500077,71.58854101,6626.843628,196.1329956,1.075000048,150,73.60000226,5.35228219,204.9182631,294.9995,32.683594,36.3,-26.029999
20099,917,98.27499962,14.29807511,2.464999974,110.5,46.29999924,92.22500038,66.93038368,8438.622437,196.1329956,1.284000039,202,64.20000076,6.076224872,227.3346235,294.9995,32.683594,39.3,-29.029999
20101,917,98.22499848,14.64142449,2.236249983,96.59999847,42.20000076,83.42499924,100.6162262,13780.79443,296.1608276,1.264999986,170,54.39999771,5.000813986,186.5591531,294.9995,32.683594,45.3,-35.03
12889,628,100.1999969,14.74933485,2.391000032,119,43.09999847,88.64999771,59.01,5295.59,152.98,1.24,275,75.90000153,5.716881153,211.9621474,169.19922,279.2461,23.5,-20.32
12892,628,100.25,14.75424008,2.345000029,104.8000031,42.40000153,87.85000229,70.1175461,5432.88,191.23,1.09,276,62.40000157,5.499025136,206.0082579,169.19922,279.2461,28,-24.82
12893,628,100.5999985,14.50408508,2.521499991,109.1999969,43.59999847,95,69.38204958,5810.439942,186.33,1.18,317,65.59999843,6.357962205,239.5424991,169.19922,279.2461,29.5,-26.32
12894,628,100.2999992,14.70028548,2.372500062,106,44.29999924,89,79.92,6369.42,211.8236389,1.25,341,61.70000076,5.628756544,211.1525055,169.19922,279.2461,31,-27.82
12895,628,99.84999848,14.34222012,2.580999971,109.0999985,46.09999847,96.90000153,83.6,10203.82,196.13,1.17,328,63.00000003,6.66156085,250.0989011,169.19922,279.2461,32.5,-29.32
13205,636,98.94999695,14.41088982,2.453499914,106,43.90000153,91.75,63.98838995,6477.29,137.29,1.06,195,62.09999847,6.019661828,225.1086171,18.047852,156.0664,26.2,-20.480001
13209,636,98.54999924,14.45993978,2.470499992,117.5999985,49.40000153,90.84999848,65.7045555,6359.612305,175.54,1.23,131,68.19999697,6.10337021,224.4449205,18.047852,156.0664,32.2,-26.480001
13210,636,98.25,14.32750502,2.520499945,111.5999985,46.59999847,92.90000153,75.51,6295.87,210.8429871,1.210000038,175,65.00000003,6.352919973,234.1544487,18.047852,156.0664,33.7,-27.980001
15096,681,99.39999962,14.67085498,2.348499954,106.9000015,48.09999847,87.32499886,64.99,12508.38,164.75,1,229,58.80000303,5.515452034,205.0827558,219.49365,125.15625,28.8,-23.33
15100,681,99.77499771,14.43786741,2.496249974,107.5,50.40000153,93.79999924,71.09821129,9448.71,203,1.29,213,57.09999847,6.231263933,234.1482457,219.49365,125.15625,34.8,-29.33
18987,895,99.52499771,15.04854009,2.113000035,98.5,49.70000076,78.67500115,64.54001426,6254.190918,141.22,0.88,220,48.79999924,4.464769148,166.2402802,269.91406,248.38672,23.1,-20.16
18988,895,98.67500115,14.73707265,2.353999972,108.4000015,50.59999847,85.57500076,70.06,6840.14,225.5529327,1.082999945,180,57.80000303,5.541315868,201.4435494,269.91406,248.38672,26.1,-23.16
18991,895,99.37500191,14.58256495,2.27700001,91.30000305,49.09999847,86.80000115,85.62,12108.76,238.3,1.31,220,42.20000458,5.184729046,197.6436035,269.91406,248.38672,35.2,-32.260002
19547,906,100,14.66104511,2.384000003,101.3000031,45,91.52499771,78.69836426,6884.27,227.51,1.37,157,56.3000031,5.683456014,218.1955948,144.01758,279.2578,38,-27.95
19548,906,99.39999962,14.84498243,2.269999981,92,40.90000153,84.14999962,84.95010568,8200.810912,253.01,1.15,184,51.09999847,5.152899914,191.0204975,144.01758,279.2578,41,-30.95
19712,909,99.54999924,14.83026762,2.302999973,118.5,51.90000153,85.67499924,69.75,6835.23,196.1329956,1.13499999,180,66.59999847,5.303808876,197.3095209,169.18506,248.4336,32.5,-22.95
19876,912,98.82499886,14.7566924,2.3495,94.19999695,42.09999847,86.12499809,58.47,4648.35,148.08,1.22,166,52.09999848,5.52015025,202.350683,169.14258,155.99219,30.3,-21.75
19880,912,99.47499848,14.41334273,2.547499955,100.3000031,44.20000076,94.67500114,73.05954171,7685.96,203.98,1.24,197,56.10000234,6.489756021,241.1845611,169.14258,155.99219,39.3,-30.75
20096,917,99.375,15.46301237,1.785249978,96.80000305,39.29999924,67.90000057,85.84495735,7960.547852,311.85,0.91,128,57.50000381,3.187117484,121.2184745,294.9995,32.683594,30.4,-20.13
20100,917,98.45000076,14.44522496,2.353500009,105.5999985,37,88.375,75.9,9058.89,230.4562531,1.225000024,162,68.5999985,5.538962292,207.9905633,294.9995,32.683594,42.3,-32.03
