,global_id,borehole_id,Sr,gamma_t,e,LL,PL,w,su,E50,Pc,Cc,Cv,PI,e_squared,moisture_void_ratio,x,y,z_depth,elevation
0,12889,628,100.1999969,14.74933485,2.391000032,119.0,43.09999847,88.64999771,59.01,5295.59,152.98,1.24,275,75.90000153,5.716881153024001,211.9621473614099,169.19922,279.2461,23.5,-20.32
1,12892,628,100.25,14.75424008,2.345000029,104.8000031,42.40000153,87.85000229,70.1175461,5432.88,191.23,1.09,276,62.40000157,5.49902513601,206.00825791770006,169.19922,279.2461,28.0,-24.82
2,12893,628,100.5999985,14.50408508,2.521499991,109.1999969,43.59999847,95.0,69.38204958,5810.439942,186.33,1.18,317,65.59999843,6.357962204613001,239.54249914500002,169.19922,279.2461,29.5,-26.32
3,12894,628,100.2999992,14.70028548,2.372500062,106.0,44.29999924,89.0,79.92,6369.42,211.8236389,1.25,341,61.70000076,5.628756544190003,211.152505518,169.19922,279.2461,31.0,-27.82
4,12895,628,99.84999848,14.34222012,2.580999971,109.0999985,46.09999847,96.90000153,83.6,10203.82,196.13,1.17,328,63.000000029999995,6.661560850302,250.09890113882992,169.19922,279.2461,32.5,-29.32
5,13205,636,98.94999695,14.41088982,2.453499914,106.0,43.90000153,91.75,63.98838995,6477.29,137.29,1.06,195,62.09999847,6.019661827998007,225.1086171095,18.047852,156.0664,26.2,-20.480001
6,13209,636,98.54999924,14.45993978,2.470499992,117.5999985,49.40000153,90.84999848,65.7045555,6359.612305,175.54,1.23,131,68.19999697,6.103370210472001,224.44492051804002,18.047852,156.0664,32.2,-26.480001
7,13210,636,98.25,14.32750502,2.520499945,111.5999985,46.59999847,92.90000153,75.51,6295.87,210.8429871,1.210000038,175,65.00000003,6.352919972745004,234.15444874686492,18.047852,156.0664,33.7,-27.980001
8,15096,681,99.39999962,14.67085498,2.348499954,106.9000015,48.09999847,87.32499886,64.99,12508.38,164.75,1.0,229,58.80000303,5.515452033938001,205.08275580576003,219.49365,125.15625,28.8,-23.33
9,15100,681,99.77499771,14.43786741,2.496249974,107.5,50.40000153,93.79999924,71.09821129,9448.71,203.0,1.29,213,57.09999847,6.231263932695001,234.14824566405002,219.49365,125.15625,34.8,-29.33
10,18987,895,99.52499771,15.04854009,2.113000035,98.5,49.70000076,78.67500115,64.54001426,6254.190918,141.22,0.88,220,48.79999924,4.464769147910002,166.24028018357507,269.91406,248.38672,23.1,-20.16
11,18988,895,98.67500115,14.73707265,2.353999972,108.4000015,50.59999847,85.57500076,70.06,6840.14,225.5529327,1.082999945,180,57.80000303,5.541315868176,201.44354939293996,269.91406,248.38672,26.1,-23.16
12,18991,895,99.37500191,14.58256495,2.27700001,91.30000305,49.09999847,86.80000115,85.62,12108.76,238.3,1.31,220,42.20000458,5.18472904554,197.64360348655,269.91406,248.38672,35.2,-32.260002
13,19547,906,100.0,14.66104511,2.384000003,101.3000031,45.0,91.52499771,78.69836426,6884.27,227.51,1.37,157,56.3000031,5.683456014304,218.195594815215,144.01758,279.2578,38.0,-27.95
14,19548,906,99.39999962,14.84498243,2.269999981,92.0,40.90000153,84.14999962,84.95010568,8200.810912,253.01,1.15,184,51.09999847,5.15289991374,191.02049753855,144.01758,279.2578,41.0,-30.95
15,19712,909,99.54999924,14.83026762,2.302999973,118.5,51.90000153,85.67499924,69.75,6835.23,196.1329956,1.13499999,180,66.59999847,5.303808875638,197.30952093649503,169.18506,248.4336,32.5,-22.95
16,19876,912,98.82499886,14.7566924,2.3495,94.19999695,42.09999847,86.12499809,58.47,4648.35,148.08,1.22,166,52.09999848,5.5201502499999995,202.350683012455,169.14258,155.99219,30.3,-21.75
17,19880,912,99.47499848,14.41334273,2.547499955,100.3000031,44.20000076,94.67500114,73.05954171,7685.96,203.98,1.24,197,56.100002339999996,6.489756020725003,241.18456114377497,169.14258,155.99219,39.3,-30.75
18,20096,917,99.375,15.46301237,1.785249978,96.80000305,39.29999924,67.90000057,85.84495735,7960.547852,311.85,0.91,128,57.50000381,3.187117483949,121.2184745237925,294.9995,32.683594,30.4,-20.13
19,20100,917,98.45000076,14.44522496,2.353500009,105.5999985,37.0,88.375,75.9,9058.89,230.4562531,1.225000024,162,68.5999985,5.538962292362999,207.99056329537498,294.9995,32.683594,42.3,-32.03
